"0","lbls <- c(""Sem filhos"", ""de 0 a 6"", ""de 7 a 15"", ""de 16 a 20"", ""+de 20"", "
"0","          ""de 0 a 6 e 7 a 15"",""7/15 e 20"",""16/20 e +20"")"
"0","barplot(idadefilhos, "
"0","#        names.arg = lbls, "
"0","        legend =  paste0(pct.if,""%"","" - "", lbls),"
"0","        col = c(""gray"", ""red"",""black"", ""green3"", ""gray"", ""red"",""black"", ""green3""),"
"0","        xlab = ""Faixas de idade dos filhos"", "
"0","        ylim = c(0,max(idadefilhos) + 3), "
"0","        ylab = ""Num. de Respondentes"")"
