{"chunk_definitions":[{"row":52,"row_count":1,"visible":true,"expansion_state":0,"options":{"engine":"r","label":"setup","include":false},"document_id":"D6F0DBA2","chunk_id":"csetup_chunk","chunk_label":"setup"},{"row":111,"row_count":1,"visible":true,"expansion_state":0,"options":{"engine":"r","label":"le_planilha","fig.caption":"Snipset de carga dos dados.","echo":true},"document_id":"D6F0DBA2","chunk_id":"c61flsb4ott88","chunk_label":"le_planilha"},{"row":136,"row_count":1,"visible":true,"expansion_state":0,"options":{"engine":"r","label":"funcao_na","fig.caption":"Função para verificar NAs.","echo":true},"document_id":"D6F0DBA2","chunk_id":"c7d2qmledodxn","chunk_label":"funcao_na"},{"row":153,"row_count":1,"visible":true,"expansion_state":0,"options":{"engine":"r","label":"perfil","echo":false},"document_id":"D6F0DBA2","chunk_id":"ci75l749obde2","chunk_label":"perfil"},{"row":162,"row_count":1,"visible":true,"expansion_state":0,"options":{"engine":"r","label":"genero","fig.align":"center","fig.cap":"Gênero dos respondentes.","echo":false},"document_id":"D6F0DBA2","chunk_id":"ca4vli4ciyobe","chunk_label":"genero"},{"row":168,"row_count":1,"visible":true,"expansion_state":0,"options":{"engine":"r","label":"calcula_a_idade","echo":false},"document_id":"D6F0DBA2","chunk_id":"cszd3vcvi8ysm","chunk_label":"calcula_a_idade"},{"row":178,"row_count":1,"visible":true,"expansion_state":0,"options":{"engine":"r","label":"idade","fig.align":"center","fig.cap":"Faixa etária dos respondentes.","echo":false},"document_id":"D6F0DBA2","chunk_id":"cv91egjq65f92","chunk_label":"idade"},{"row":183,"row_count":1,"visible":true,"expansion_state":0,"options":{"engine":"r","label":"calcula_profissao","echo":false},"document_id":"D6F0DBA2","chunk_id":"c9c8crp796fw9","chunk_label":"calcula_profissao"},{"row":201,"row_count":1,"visible":true,"expansion_state":0,"options":{"engine":"r","label":"calcula situacao_trabalhista","echo":false},"document_id":"D6F0DBA2","chunk_id":"c8l5jqf4dz8zt","chunk_label":"calcula situacao_trabalhista"},{"row":221,"row_count":1,"visible":true,"expansion_state":0,"options":{"engine":"r","label":"calc_estado_civil","echo":false},"document_id":"D6F0DBA2","chunk_id":"ch15ecq4p4mg6","chunk_label":"calc_estado_civil"},{"row":238,"row_count":1,"visible":true,"expansion_state":0,"options":{"engine":"r","label":"quantidade_filhos_calc","echo":false},"document_id":"D6F0DBA2","chunk_id":"ch2l8d1m13609","chunk_label":"quantidade_filhos_calc"},{"row":261,"row_count":1,"visible":true,"expansion_state":0,"options":{"engine":"r","label":"calcula_idade_dos_filhos","echo":false},"document_id":"D6F0DBA2","chunk_id":"c7kik33gcb29n","chunk_label":"calcula_idade_dos_filhos"},{"row":277,"row_count":1,"visible":true,"expansion_state":0,"options":{"engine":"r","label":"idade-filhos","fig.align":"center","fig.cap":"Faixa etária dos filhos.","echo":false},"document_id":"D6F0DBA2","chunk_id":"cstkpg05sar4u","chunk_label":"idade-filhos"},{"row":339,"row_count":1,"visible":true,"expansion_state":0,"options":{"engine":"r","label":"calculamotivo","echo":false},"document_id":"D6F0DBA2","chunk_id":"ck8c7the89h04","chunk_label":"calculamotivo"},{"row":357,"row_count":1,"visible":true,"expansion_state":0,"options":{"engine":"r","label":"motivouso","fig.align":"center","fig.cap":"Motivos de uso.","echo":false},"document_id":"D6F0DBA2","chunk_id":"chlminj9ij9yq","chunk_label":"motivouso"}],"doc_write_time":1593382819,"working_dir":null,"default_chunk_options":{"echo":true,"out.width":"70%","dpi":100.0}}